[F0001],[I0023]
[F0001],[I0004]
[F0001],[I0024]
[F0001],[I0025]
[F0001],[I0034]
[F0001],[I0015]
[F0001],[I0035]
[F0001],[I0036]
[F0001],[I0037]
[F0001],[I0038]
[F0002],[I0075]
[F0002],[I0006]
[F0002],[I0009]
[F0002],[I0016]
[F0002],[I0076]
[F0002],[I0007]
[F0002],[I0014]
[F0002],[I0141]
[F0002],[I0061]
[F0002],[I0002]
[F0002],[I0008]
[F0002],[I0062]
[F0003],[I0012]
[F0003],[I0013]
[F0007],[I0109]
[F0007],[I0232]
[F0007],[I0135]
[F0007],[I0138]
[F0007],[I0233]
[F0007],[I0136]
[F0007],[I0140]
[F0007],[I0227]
[F0007],[I0137]
[F0007],[I0134]
[F0007],[I0139]
[F0011],[I0028]
[F0011],[I0029]
[F0012],[I0018]
[F0012],[I0019]
[F0012],[I0020]
[F0012],[I0095]
[F0012],[I0096]
[F0012],[I0097]
[F0012],[I0098]
[F0012],[I0099]
[F0015],[I0101]
[F0015],[I0102]
[F0015],[I0103]
[F0016],[I0001]
[F0016],[I0017]
[F0016],[I0033]
[F0016],[I0031]
[F0018],[I0040]
[F0018],[I0041]
[F0018],[I0042]
[F0019],[I0050]
[F0019],[I0051]
[F0019],[I0052]
[F0024],[I0104]
[F0024],[I0105]
[F0024],[I0106]
[F0024],[I0107]
[F0027],[I0056]
[F0027],[I0057]
[F0027],[I0058]
[F0027],[I0059]
[F0027],[I0060]
[F0028],[I0067]
[F0028],[I0068]
[F0028],[I0069]
[F0029],[I0064]
[F0029],[I0065]
[F0030],[I0071]
[F0030],[I0072]
[F0030],[I0073]
[F0034],[I0045]
[F0034],[I0046]
[F0034],[I0011]
[F0034],[I0047]
[F0034],[I0163]
[F0034],[I0048]
[F0048],[I0085]
[F0048],[I0086]
[F0048],[I0087]
[F0048],[I0088]
[F0048],[I0089]
[F0048],[I0090]
[F0059],[I0155]
[F0059],[I0079]
[F0059],[I0022]
[F0059],[I0078]
[F0061],[I0080]
[F0061],[I0081]
[F0061],[I0186]
[F0063],[I0144]
[F0063],[I0142]
[F0063],[I0146]
[F0063],[I0147]
[F0063],[I0148]
[F0063],[I0149]
[F0063],[I0150]
[F0063],[I0151]
[F0063],[I0143]
[F0063],[I0152]
[F0065],[I0021]
[F0065],[I0110]
[F0066],[I0221]
[F0070],[I0123]
[F0070],[I0124]
[F0071],[I0125]
[F0071],[I0127]
[F0072],[I0114]
[F0072],[I0116]
[F0072],[I0093]
[F0072],[I0003]
[F0072],[I0181]
[F0072],[I0182]
[F0075],[I0132]
[F0075],[I0133]
[F0085],[I0129]
[F0085],[I0130]
[F0088],[I0005]
[F0088],[I0113]
[F0088],[I0179]
[F0088],[I0180]
[F0092],[I0083]
[F0093],[I0084]
[F0098],[I0091]
[F0107],[I0234]
[F0107],[I0237]
[F0122],[I0160]
[F0122],[I0063]
[F0122],[I0161]
[F0122],[I0162]
[F0127],[I0165]
[F0129],[I0049]
[F0129],[I0168]
[F0129],[I0169]
[F0129],[I0170]
[F0129],[I0171]
[F0129],[I0172]
[F0129],[I0173]
[F0136],[I0167]
[F0137],[I0166]
[F0142],[I0183]
[F0144],[I0154]
[F0144],[I0189]
[F0144],[I0190]
[F0147],[I0187]
[F0147],[I0193]
[F0147],[I0194]
[F0147],[I0195]
[F0151],[I0077]
[F0152],[I0196]
[F0153],[I0197]
[F0154],[I0156]
[F0155],[I0202]
[F0156],[I0204]
[F0157],[I0205]
[F0158],[I0203]
[F0159],[I0210]
[F0160],[I0211]
[F0162],[I0010]
[F0166],[I0236]
[F0168],[I0239]
[F0168],[I0240]
